chr1	149340034	0	3	Unknown	CGGGCGCGGTGGCTCACGCCTGGCATCCCAGCACTTTGGGAGGCCGAGGCGGGCGGATCACGAGGTCAGGAGATCG
chr10	2077560	0	1	AluYa5	CTCGGCTCACTGCAAGCTCCGCCTCCCGGGTTCACGCCATTCTCCTGCCTCAGCCTACCAAGGAGCTGGGACTACAGGCGCCCGCCACTACGCCCGGCTAATTTTTTGTATTTTTAGTAGAGACGGGGTTTCACCATTTTAGCCGGGATGGTCTCGATCTCCTGACCTCGTGATCCGCCCGCCTCGGCCTCCCAAAGCGC-GTAGTGGCGGGCGCCTGTAGTCCCAGCTCCTTGGTAGGCTGAGGCAGGAGAATGGCGTGAACCCGGGAGGCGGAGCTTGCAGTGAGCCGAGATCCCGCCA-CGGGGGCTCACGCCTGTAATCCCAGCACTTGGGGAGGCCGAGGCGGGCGGATCACGAGGTCAGGAGATCGAGACCATCCCGGCTAAAATGGTGAAACCCCGTCTCTACTAAAAATACAAAAAATTAGCCGGGCGTAGTGGCGGG
chr10	57974616	16	1	AluY	GGCGGGATCTCGGCTCACTGCAAGCTCCGCCTCCCGGGTTCACGCCATTCTCCTGCCTCAGCCTCCCAAGTAGCTGGGACTACAGGCGCCCGCCACTACG-TGGGCCGGGCGCGGTGGCTCACGCCTGTAATCCCAGCACTTTGGGAGGCCGAGGCGGGCGGATCACGAGGTCAGGAGATCGAGACCAACCCCGCTAAAACGGTGAAACCCCGTCTCTACTAAAAATACAAAAAATTA-CTGTAGTCCCAGCTACTTGGGAGGCTGAGGCAGGAGAATGGCGTGAACCCGGGAGGCGGAGCTTGCAGTGAGCCGAGATCCCGCCACTGCACTCCAGCCTGGGCGACAGAGCGAGACTCCGGCTCA
chr11	13813016	18	1	AluYb9	CAGCCGCCCCAGTGGCTGGGACTACAGGCGCCCGCCACCGCGCCCGGCTAATTTTTTGTATTTTTAGTAGAGACGGGGTTTCACCTTGTTAGCCAGGATGGTCTCGATCTCCTGACCTCATGATCCACCCGCCTCGGCCTCCCAAAGTGCTGGGATTACAGGCGTGAGCCACCG-GGTGGCTCACGCCTGTAATCCCAGCACTTTGGGAGGCCGAGGCGGGTGGATCATGAGGTCAGGAGATCGAGACCATCCTGGCTAACAAGGTGAAACCCCGTCTCTACTAAAAATACAAAAAATTAGCCGGGCGCGGTGGCGGGCGCCTGTAGTCCCAGCTACTGGGGAGGCTGAGGCAGGAGAATGGCGTTGAACCCGGGAAGCGGAGCTTGCAGTGAGCCGAGATTGCGCCACTGCAGTCCGCAGTCCAGCCTGGGCGACAGAGAGAGG
chr11	25605138	0	1	AluYb8	CCGCCATTCTCCTGCCTCAGCCTCCCGAGTAGCTGGGACTACAGGCGCCCGCCACCGCGCCCGGCTAATTTTTTGTATTTTTAGTAGAGACGGGGTTTCACCTTGTTAGCCAGGATGGTCTCGATCTCCTGACCTCATGATCCACCTGCCTCGGCCTCCCAAAGTGCTGGGATTACAGGCGTGAGCCACCGCGCCCGGCC-GCCGGGGGCGGGGGCTCACGCCTGTAATCCCAGCACTTTGGGAGGCCGAGGCAGGTGGATCATGAGGTCAGGAGATCGAGACCATCCTGGCTAACAAGGTGAAACCCCGTCTCTACTAAAAATACAAAAAATTAGCCGGGCGCGGTGGCGGGCGCCTGTAGTCCCAGCTACTCGGGAGGCTGAGGCAGGAGAATGGCGTGAACCCGGGAAGCGGAGCTTGCAGTGAGCCGAGATTGCGCCACTGCAGTCCGCAGTCCGGCCTGGGCGACAGAGCGAGACTCCGTCTC
chr11	38801075	0	1	AluYb10(SINE1/7SL)	GCAGTGGCGGGATCTCGGCTCACTGCAAGCTCCGCCTCCCGGGTTCACGCCATTCTCCTGCCTCAGCCTCCCAAGTAGCTGGGACTACAGGCGCCCGCCACTACGCCCGGCTAATTTTTTGTATTTTTAGTAGAGACGGGGTTTCACCGTTTTAGCCGGGATGGTCTCGATCTCCTGACCTCGTGATCCGCCCGCCTCGGCCTCCCAAAGTGCTGGGATTACAGGCGTGAACCACCG-GCCTGTAATCCCAGCACTTTGGGAGGCCGAGGCGGGCGGATCACGAGGTCAGGAGATCGAGACCATCCCGGCTAAAACGGTGAAACCCCGTCTCTACTAAAAATACAAAAAATTAGCCGGGCGTAGTGGCAGGCGCCTGTAGTCCCAGCTACTTGGGAGGCTGAGGCAGGAGAATGGCGTGAACCCGGGAGGCGGAGCTTGCAGTGAGCCGAGATCCCGCCACTGCACTCCAGCCTGGGCGACAGAGCGAGACTCCGTCTCA
chr11	48755854	0	2	L1HS(L1)	GGAAGGGGAATATCACCCTCTGGGGACTGTGGTGGGGTCGGGGGAGGGGGGAGGGATAGTATTGGGAGATATACCTAATGCTAGATGACACATTAGTGGGTGCAGCGCACCAGCATGGCACATGTATACATATGTAACTAACCTGCACAATGTGCACATGTACCCTAAAACTTAGAGTATAATAAAAAAAAAAAA-AAAATGATGAGTTCATATCCTTTGTAGGGACATGGATCAAATTGGAAACCATCATTCTCAGTAAACTATCGCAAGAACAAAAAACCAAACACCGCATATTCTCACTCATAGGTGGGAATTGAACAATGAGATCACATGGACACAGGAAGGGGAATATCACACTCTGGGGACTGT-GACCCCACCACAGTCCCCAGAGTGTGATATTCCCCTTCCTGTGTCCATGTGATCTCATTGTTCAATTCCCACCTATGAGTGAGAATATGCGGTGTTTGGTTTTTTGTTCTTGCGATAGTTTACTGAGAATGATGGTTTCCAATTTCATCCATGTCCCTACAAAGGATATGAACTCATCATTTT-TTTTTTATTATACTCTAAGTTTTAGGGTACATGTGCACATTGTGCAGGTTAGTTACATATGTATACATGTGCCATGCTGGTGCGCTGCACCCACTAATGTGTCATCTAGCATTAGGTATATCTCCCAATACTATCCCTCCCCCCT
chr12	58458223	0	1	AluYa1	GGTGGCTCACGCCTGTAATCCCAGCACTTTGGGAGGCCGAGGCGGGCGGATCACGAGGTCAGGAGATCGAGACCATCCCGGCTAAAACGGTGAAACCCCGTCTCTACTAAAAATACAAAAAATTAGCCGGGCGTAGTGGCGGGCGCCTGTAGTCCCAGCTACTTGGGAGGCTGAGGCAGGAGAATGGCGTGAACCCGGGAGGCGGAGCTTGCAGTGAGCCGAGATCCCGCCACTGCACTCCAGCCTGGGCGACCGAGCGAGAC
chr12	130455055	0	1	AluYa1	TGAGGCGGAGTCTCGCTCTGTCGCCCAGGCTGGAGTGCAGTGGCGGGATCTCGGCTCACTGCAAGCTCCGCCCCCCGGGGTCACGCCACTCTCCTGCCTCAGCCTCCCAAGTAGCTG-CGGTGGCTCACGCCTGTAATCCCAGCACTTTGGGAGGCCGAGGCGGGCGGATCACAAGGTCAGGAGATCGAGACCATCCCGGCGAAAAAGGTGAAACCCC-TTTTTTTTTTGTATTTTTAGTAGAGACGGGGTTTCACCGTTTTAGCCGGGATGGTCTCGATCTCCTGACCTTGTGATCCGCCCGCCTCGGCCTCCCAAAGTGCTGGGATTACAGGCGTGAGCCACCGCACCC
chr13	78651687	0	1	AluYa5	GGGCGGGCGGATCACGAGGTCAGGAGATCGAGACCATCCCGGCTAAAACGGTGAAACCCCGTCTCTACTAAAAATACAAAAAATTAGCCGGGCGTAGTGGCGGGCGCCTGTAGTCCCAGCTACTTGGGAGGCTGAGGCAGGAGAATGGCGTGAAC-CGGGTTCACGCCATTCTCCTGCCCCAGCCTCCCAAGTAGCTGGGACTACAGGCGCCCGCCACTACGCCCGGCTAATTTTTTGTATTTTTAGTAGAGACGGGGTTTCACCGTTTTAGCCGGGATGGTCTCGATCTCCTGACCTCGTGATCCGCCCGCCTCGG
chr13	81523069	0	1	AluYb10(SINE1/7SL)	CTGGAGTGCAGTGGCGCGATCTCGGCTCACTGCAAGCTCCGCCTCCCGGGTTCACGCCATTCTCCTGCCTCAGCCTCCCGAGTAGATGGGACTACAGGCGCCCGCTACCACGCCCGGCTAATTTTTTGTATTTTTAGTAGAGACGGGGTTTCACCGTGTTAGCCAGGAT
chr14	36674760	0	3	Unknown	CTAGCATTAGGTATATCTCCCAATGCTATCCCTCCCCCCTCCCCCGACCCCACCACAGTCCCCAGAGTGTGATATT
chr14	40579685	0	1	AluYa1	GCGCGGTGGCTCACGCCTGTAATCCCAGCACTTTGGGAGGCCGAGGCGGGCGGATCACGAGGTCAGGAGATCGAGACCATCCCGGCTAAAACGGTGAAACCCCGTCTCTACTAAAAATACAAAAAATTAGCCGGGCGTAGTGGCGGGCGCCTGTAGTCCCAGCTACTTGGGAGGCTGAGGCAGGAGAATGGCGTGAACCCGGGAGGCAGAGCTTGCAGTGAGCCGAGATCCCGCCACTGCACTCCAGCCTGGGCGACAGAGCGAGACTCCGTCTCAAAA-GGCTCACTGCAAGCTCCGCCTCCCGGGTTCACGCCATTCTCCTGCCTCAGCCTCCCAAGGAGCTGGGACTACAGGCGCCCGCCACTACGCCCGGCTAATTTTTTGTATTTTTAGTAGAGACGGGGTTTCACCGTTTTAGCCGGGATGGTCTCGATCTCCTGACCTCGTGATCCGCCCGCCTCGGCCTCCCAAAGTGCTGGGATTACAGGCGTGAGCCACCGCGCCCGC
chr14	91185194	0	1	AluYb9	TTTGAGACGGAGTCTCGCTCTGTCGCCCAGGCCGGACTGCGGACTGCAGTGGCGCAATCTCGGCTCACTGCAAGCTCCGCTTCCCGGGTTCACGCCATTCTCCTGCCTCAGCCTCCCCAGTAGCTGGGACT-CGCAGCCTCCCCAGTAGCTGGGACTACAGGCGCCCGCCACCGCGCCCGGCTAATTTTTTGTATTTTTAGTAGAGACGGGGTTTCACCTTGTTAGCCAGGATGGTCTCGATCTCCTGACCTCATGATCCACCCGCCTCGGCCTCCCAAAGTGCTGGGATTACAGGCGTGAG-TAGGCCGAGGCGGGTGGATCATGAGGTCAGGAGATCGAGACCATCCTGGCTAACAAGGTGAAACCCCGTCTCTACTAAAAATACAAAAAATTAGCCGGGCGCGGTGGCGGGCGCCTGTAGTCCCAGCTACTGGGGAGGCTGAGGCAGGAGAATGGCGTGAACCCGGGAAGCGGAGCTTGCAGTGAGCCGAGATTGCGCCACTGCAGTCCGCAGTCCGGCCTGGGCGACAGAGCGAGACTCCGTCTCAAAAAA
chr15	67644904	0	1	AluYf1	CTACAGGCGCCCGCCACTACGCCCGGCTAATTTTTTGTATTTTTAGTAGAGACGGGGTTTCACCGTTTTAGCCGGGATGGTCTCGATCTCCTGACCTCGTGATCCGCCCGCCTCGGCCTC
chr15	97321243	0	1	AluYb9	GCTCTGTCCCCCAGGTCGGACTGCGGACTGCAGTGGCGCAATCTCGGCTCACTGCAAGCTCCGCTTCCCGGGTTCACGCCATTCTCCTGCCTCAGCCTCCCGAGTAGCTGGGACTACAGGCGCCCGCCACCACGCCCGGCTAATTTTTTGTATTTTTAGTAGAGACGGGGTTTCACCTTGTTAGCCAGGATGGTCTCGATCTCCTGACCTCATGATCCACCCGCCTCGGCCTCCCAAAGTGCTGGGATTACAGGC-GTGGATCATGAGGTCAGGAGATCGAGACCATCCTGGCTAACAAGGTGAAACCCCGTCTCTACTAAAAATACAAAAAATTAGCCGGGCGTGGTGGCGGGCGCCTGTAGTCCCAGCTACTCGGGAGGCTGAGGCAGGAGAATGGCGTGAACCCGGGAAGCGGAGCTTGCAGTGAGCCGAGATTGCGCCACTGCAGTCCGCAGTCC
chr2	23190995	21	2	L1HS(L1)	AACCAAACACCGCATATTCTCACTCATAGGTGGGAATTGAACAATGAGATCACATGGACACAGGAAGGGGAATATCACACTCTGGGGACTGTGGTGGGGT-CACCTGGGAAGCGCAAGGGGTCAGGGAGTTCCCTTTCCGAGTCAAAGAAAGGGGTGACGGATGCACCTGGAAAATCGGGTCACTCCCACCCGAATATTGCGCTTTTCAGACCGGCTTAAGAAACGGCGCACCACGAGACTATATCCCACACCTGGCTCGGAGGGTCCTATGCCC-GTGCTAGCAATCAGCGAGATTCCGTGGGCATAGGACCCTCCGAGCCAGGTGTGGGATATAGTCTCGTGGTGCGCCGTTTCTTAAGCCGGTCTGAAAAGCGCAATATTCGGGTGGGAGTGACCCGATTTTCCAGGTGCATCCGTCACCCCTTTCTTTGACTCGGAAAGGGAACTCCCTGACCCCTTGCGCTTCCCAGGTGAGGCAATGCCTCGCCCTGCTTCGGCTCGCGCACGGTGCGCACACACACTGGCCTGCG
chr2	123330644	17	1	AluYa1	GCCCAGGCTGGAGTGCAGTGGCGGGGTCTCGGCTCACTGCAAGCTCCGCCTCCCGGGTTCACGCCATTCTCCCGCCTCAGCCTCCCAAGTAGCTGGGACTACAGGCGCCCGCCACTACGCCCGGCTAATTTTTTGTATTTTTAGTAGAGACGGGGTTTCACCGTTTTAGCCGGGATGGTCTCGATCTCCTGACCTCGTGATCCGCCCGCCTCGGCCTCCCAAAGTGCTGGGATTACAGGCGTGAGCCACCGA-AATCCCAGCACTTTGGGAGGCCGAGGCGGGCGGATCACGAGGTCAGGAGATCGAGACCATCCCGGCTAAAACGGTGAAACCCCGTCTCTACTAAAAATACAAAAAATTAGCCGGGCGTAGTGGCGGGCGCCTGTAGTCCCAGCTACTTGGGAGGCTGAGGCGGGAGAATGGCGTGAACCCGGGAGGCGGAGCTTGCAGTGAGCCGAGATCCCGCCACTGCACTCCAGCCTGGGCGACAGAGCGAGACTCCGT
chr2	176728305	8	1	AluYa5	GGCGGGCGCCTGTAGTCCCAGCTACTTGGGAGGCTGAGGCAGGAGAATGGCGTGATCCCGGGAGGCGGAGCTTGCAGTGAGCCGAGATCCCGCCACTGCACTCCAGCCTGGGC-GCTCACTGCAAGCTCCGCCTCCCGGGATCACGCCATTCTCCTGCCTCAGCCTCCCAAGTAGCTGGGACTACAGGCGCCCGCCACTACGCCCGGCTAATTTTTTCTATTTTTAGTAGAGACGGGGTTTCACCGTTTTAGCCGGGATGGTCTCTATCTCCTGACCTCGTGATCCGCCCGCCTCGGCCTCCCAAAGTGCTGGGATTACAGG
chr2	181000555	15	2	L1(L1)	CCCAATGCTATCCCTCCCCCCCCCCCCGACCCCACCACAGTCCCCAGAGTGTGATATTCCCCTTCCTGTGTCCATGTGATCTCATTGTTCAATTCCCACC-ATTGCCAAGTCAATCCTAAGCCAAAAGAACAAAGCTGGAGGCATCACACTACCTGACTTCAAACTATACTACAAGGCTACAGTAACCAAAACAGCATGGTACTGGTACCAAAACAGAGATATAGATCAATGGAACAGAACAGAGCCCTCAGAAATAATGCCGCATATCTACAACTATCTGATCTTTGACAAACCTGAGAAAAACAAGCAAT-AGTACCATGCTGTTTTGGTTACTGTAGCCTTGTAGTATAGTTTGAAGTCAGGTAGTGTGATGCCTCCAGCTTTGTTCTTTTGGCTTAGGATTGACTTGGCAATGCGGGCTCTTTTTTGGTTCCATATGAACTTTAAAGTAGTTTTTTCCAATTCTGTGAAGAAAGTCATTGGTAGCTTGATGGGGATGGCATTGAATCTGTAAATTACCTTGGGCAGTATG
chr2	218180772	0	1	AluYb8	CACGCCTGTAATCCCAGCACTTTGGGAGGCCGAGGCGGGTGGATCATGAGGTCAGGAGATCGAGACCATCCTGGCTAACAAGGTGAAACCCCGTCTCTACTAAAAATACAAAAAATTAGCCGGGCGCGGTGGCGGGCGCCTGTAGTCCCAGCTACTCGGGAGGCTGAGGCAGGAGAATGGCGTGAACCCGGGAAGCGGAGCTTGCAGTGAGCCGAGATTGCGCCACTGCAGTCCGCAGTCCGACCTGGGCGACAGAGCGAGACTCCGTCTC-TGAGACGGAGTCTCGCTCTGTCGCCCAGGTCGGACTGCGGACTGCAGTGGCGCAATCTCGGCTCACTGCAAGCTCCGCTTCCCGGGTTCACGCCATTCTCCTGCCTCAGCCTCCCGAGTAGCTGGGACTACAGGCGCCCGCCACCGCGCCCGGCTAATTTTTTGTATTTTTAGTAGAGACGGGGTTTCACCTTGTTAGCCAGGATGGTCTCGATCTCCTGACCTCATGATCCACCCGCCTCGGCCTCCCAAAGTGCTGGGATTACAGGCG
chr21	22581453	0	1	AluYb10(SINE1/7SL)	GGCTCACTGCAAGCTCCGCCTCCCGGGTTCACGCCATTCTCCTGCCTCAGCCTCCCGAGTAGCTGGGACTACAGGCGCCCGCTACCACGCCCGGCTAATTTTTTGTATTTTTAGTAGAGACGGGGTTTCACCGTGTTAGCCAGGATGGTCTCGATCTCCTGACC
chr22	23872686	0	1	AluYb9	AGTCTCGCTCTGTCGCCCAGGCCGGACTGCGGACTGCAGTGGCGCAATCTCGGCTCACTGCAAGCTCTGCTTCCCGGGTTCACGCCATTCTCCTGCCTCAGCCTCCCGAGTAGCTGGGACTACAGGCGCCTGCCACCGCGCCCGGCTGATTTTTTGTATTTTTAGTAGAGACGGGGTTTCACCTTGTTAGCCAGGATGGTCTCGATCTCCTGACCTCGTGATCCACCCGCCTCGGCCTCCCAAAGTGCTGGGATTACAGGCGT-GCCGGGCGCGGTGGCAGGCGCCTGTAGTCCCAGCTACTCGGGAGGCTGAGGCAGGAGAATGGCGTGAACCCGGGAAGCAGAGCTTGCAGTGAGCCGAGATTGCGCCACTGCAGTCCGCAGTCCGGCCTGGGCGACAGAGCGAGACTCCGTCTCAAA-CGCGGTGGCTCACGCCTGTAATCCCAGCACTTTGGGAGGCCGAGGCGGGTGGATCACGAGGTCAGGAGATCGAGACCATCCTGGCTAACAAGGGGAAACCCCGTCTCTACTAAAAATACAAAAAATCAGCCGGGCGCGGTGGCTGGCGCCTGTAGTCCCAGCTAC
chr3	16796099	0	1	AluYk13(SINE1/7SL)	ATTTTTAGTAGAGACGGGGTTTCACTGTGTTAGCCAGGATGGTCTCGATCTCCTGACCTCATGATCCACCCGCCTCGGCCTCCCAAAGTGCTGGGATTACAGGCGTGAGCCACCACGCCCGG-TCCTGTAGTCCCAGCTACTTGAGAGGCTGAGGCAGGAGAATGGCGTGAACCCAGGAGGCGGAGCTTGCAGTGAGCCGAGATCGCGCCACTGCACTCCAGCCTGGGCGACAGAGCCAGACGCTGTCTCAAAA-TGAGACAGCGTCTGGCTCTGTCGCCCAGGCTGGAGTGCAGTGGCGCGATCTCGGCTCACTGCAAGCTCCGCCTCCTGGGTTCACGCCATTCTCCTGCCTCAGCCTCTCAAGTAGCTGGGACTACAGGAGCCCGCCACCGCTCCCGGCTAATTTTTTTG-CGGGCGTGGTGGCTCACGCCTGTAATCCCAGCACTTTGGGAGGCCGAGGCGGGTGGATCATGAGGTCAGGAGATCGAGACCATCCTGGCTAACACAGTGAAACCCCGTCTCTACTAAAAATACAAAAAAATT
chr3	109751770	0	2	L1PA2(L1)	CGTTAGTGGGTGCAGCGCACCAGCATGGCACATGTATACATATGTAACTAACCTGCACAATGTGCACATGTACCCTAAAACTTAGAGTATAATAAAAAAA-AGGGGGAATAGCACCCTCTGGGGACTGTGGTGGGGTCGGGGGAGGGGGGAGGGATAGCATTGGGAGATATACCTAATGCTAGATGACACGTTAGTGGGTG-CACATTGTGCAGGTTAGTTACATATGTATACATGTGCCATGCTGGTGCGCTGCACCCACTAACGTGTCATCTAGCATTAGGTATATCTCCCAATGCTATC
chr3	126090202	0	3	SVA_E(SINE)	GATAATTCTTGGGTGTTTCTCACAGAGGGGGATTTGGCAGGGTCATGGGACAATAGTGGAGGGAAGGTCAGCAGATAAACAAGTGAACAAAGGTCTCTGGTTTTCCTAGGCAGAGGACCCTGCGGCCTTCCGCAGTGTTTGTGTCCCTGATTACTTGAGATTAGGGATTGGTGATGACTCTTAACGAGCATGCTGCCTTCAAGCATCTGTTTAACAAAGCACATCTTGCACCGCCCTTAATCCATTTAACCCTGAG
chr3	129938434	0	1	AluYe5	CCTGTAATCCCACCACTTTGGGAGGCCGAGGCGGGCGGATCACGAGGTCAGGAGATCGAGACCATCCTGGCTAACACGGTGAAACCCCGTCTCTACTAAAAATACAAAAAATTAGCCGGGCGAGGTGGCGGGCGCCTGTAGTCCCAGCTACTCGGGAGGCTGAGGCAGGAGAATGGCGTGAACCCCAGGGGGCGGAGCCTGCAGTGAGCCGAGATTGCGCCACTGCACTCCAGCCTGGGCGACAGCGAGACTC-TGAGACGGAGTCTCGCTGTCGCCCAGGCTGGAGTGCAGTGGCGCAATCTCGGCTCACTGCAGGCTCCGCCCCCTGGGGTTCACGCCATTCTCCTGCCTCAGCCTCCCGAGTAGCTGGGACTACAGGCGCCCGCCACCTCGCCCGGCTAATTTTTTGTATTTTTAGTAGAGACGGGGTTTCACCGTGTTAGCCAGGATGGTCTCGATCTCCTGACCTCGTAATCCGCCCGCCTCGGCCTCCCAAAGTGCTGGGATTACAGGCGTGAGCCACCACGCCCGG
chr3	144687867	17	1	AluYf1	CACTTTGGGAGGCCGAGGCGGGCGGATCACGAGGTCAGGAGATCGAGACCATCCTGGCTAACACGGTGAAACCCCGTCTCTACTAAAAATACAAAAAATTAGCCGGGCGTGGTAGCGGGCGCCTGTAGCCCCAGCTACCCGGGGGG
chr3	166362314	0	1	AluYc2	CTGGGACTACAGGCGCCCGCCACTACGCCCGGCTAATTTTTTGTATTTTTAGTAGAGACGGGGTTTCACCGTTTTAGCCGGGATGGTCTCGATCTCCTGA-GGCCGGGCGCGGTGGCTCACGCCTGTAATCCCAGCACTTTGGGAGGCCGAGGCGGGCGGATCACGAGGTCAGGAGATCGAGACCATCCCGGCTAAAACGGTGAAACCCCGTCTCTACTAAAAATACAAAAAA
chr3	173917229	18	2	L1PA2(L1)	AGTGTGATATTCCCCTTCCTGTGTCCATGTGATCTCATTGTTCAATTCCCACCTATGAGTGAGAATATGCGGTGTTTGGTTTTTTGTTCTTGCGATAGTTTACTGAGAATGATGGTTTCCAATTTCATCCATGTCCCTACAAAGGATATGAACTCATCATTTTTTATGGATGCATAGTATTCCATGGTGTATATGTGCCACATTTTCTTAATCCAGTCTATCATTGTTGGACATTTGGGTTGGTTCCAAGTCTTTGCT-CAACAATGATAGACTGGATTAAGAAAATGTGGCACATATACACCATGGAATACTATGCATCCATAAAAAATGATGAGTTCATATCCTTTGTAGGGACATGGATGAAATTGGAAACCATCATTCTCAGTAA
chr4	255772	15	1	AluYk13(SINE1/7SL)	CCGGCTAATTTTTTGTATTTTTAGTAGAGACGGGGTTTCACCGTGTTAGCCAGGATGGTCTCGATCTCCTGACCTCGTGATCCGCCCGCCTCGGCCTCCCAAAGTGCTGG
chr4	18162678	0	2	L1(L1)	TGCTAGATGACACATTAGTGGGTGCAGCGCACCAGCATGGCACATGTATACATATGTAACTAACCTGCACAATGTGCACATGTACCCTAAAACTTAGAGT-ATGGATGAAATTGGAAACCATCATTCTCAGTAAACTATCGCAAGAACAAAAAACCAAACACCGCATATTCTCACTCATAGGTGGGAATTGAACAATGAGA-CCAATTCTGTGAAGAAAGTCATTGGTAGCTTGATGGGGATGGCATTGAATCTGTAAATTACCTTGGGCAGTATGGCCATTTTCACGATATTGATTCTTCCTACCCATGAGCATGGAATGTT-TTAAGAAAATGTGGCACATATACACCATGGAATACTATGCAGCCATAAAAAATGATGAGTTCATATCCTTTGTAGGGACATGGATGAAATTGGAAACCAT-CTCCTTAAGCTGATAAGCAACTTCAGCAAAGTCTCAGGATACAAAATCAATGTACAAAAATCACAAGCATTCTTATACACCAACAACAGACAAACAGAGAGCCAAATCATGGGTGAACTCCCATTCACAATTGCTTCAAAGAGAATAAAATACCTAGGAATCCAACTTACAAGGGATGTGAAGGACCTCTTCAAGGAGAACTACAAACCACTGCTCAAGGAAATAAAAGAGGAGACAAACAAATGGAAGAACATTCCATGCTCATGGGTAGGAAGAATCAATATCGTGAAAATGGCCATACTGCCCAAGGTAATTTACAGATTCAATGCCATCCCCATCAAGCTACCAATGACTTTCTTCACAGAATTGGAAGG-GAATGTTCTTCCATTTGTTTGTCTCCTCTTTTATTTCCTTGAGCAGTGGTTTGTAGTTCTCCTTGAAGAGGTCCTTCACATCCCTTGTAAGTTGGATTCCTAGGTATTTTATTCTCTTTGAAGCAATTGTGAATGGGAGTTCACCCATGATTTGGCTCTCTGTTTGTCTGTTGTTGGTGTATAAGAATGCTTGTGATTTTTGTACATTGATTTTGTATCCTGAGACTTTGCTGAAGTTGCTTATCAGCTTAAGGA-GCGGTGTTTGGTTTTTTGTTCTTGTGATAGTTTACTGAGAATGATGGTTTCCAATTTCATCCATGTCCCTACAAAGGATATGAACTCATCATTTTTTATG-TTTCTTTTTTTTTTTTTTTTTTTATTATACTCTAAGTTTTAGGGTACATGTGCACATTGTGCAGGTTAGTTACATATGTATACATGTGCCATGCTGGTGCGCTGCACCCACTAATGTGTCATCTA
chr4	61825109	0	1	AluYa8	TCGGCCGGGCGCGGTGGCTCACGCCTGTAATCCCAGCACTTTGGGAGGCCGAGGCGGGGGGATCATGAGGTCAGGAGATCGAGACCATCCTGGCTAACAAGGTGAAACCCCGTCTCTACTAAAAATACAAAAAATTAGCCGGGCGCGGTGGCGGGCGCCTGTAGTCCCAGCTACTCGGGAGGCTGAGGCAGGAGAATGGCGTGAACCCGGGAAGCGGAGCTTGCAGTGAGCCGAGATTGCGCCACTGCAGTCCGCAGTCCGGCCTGGGCGACAGAGAGAG
chr4	83340696	0	1	AluYf1	CCGGGCGCGGTGGCTCACGCCTGTAATCCCAGCACTTTGGGAGGCCGAGGCGGGCGGATCACGAGGTCAGGAGATCGAGACCATCCCGGCTAAAACGGTGAAACCCCGTCTCTACTAAAAATACAAAAAATTAGCCGGGCGTAGTGGCGGGCGCCTGTAGTCCCAGCTACTTGGGAGGCTGAGGCAGGAGAATGGCGTGAACCCGGGAGGCGG-CTGCAAGCTCCGCCTCCCGGGTTCACGCCATTCTCCTGCCTCAGCCTCCCAAGTAGCTGGGACTACAGGCGCCCGCCACTACGCCCGGCTAATTTTTTGTATTTTTAGTAGAGACGGGGTTTCACCGTTTTAGCCGGGATGGTCTCGATCTCCTGAACTCGTGA
chr4	134596423	0	2	L1PA2(L1)	AATGTCCAACAATGATAGACTGGATTAAGAAAATGTGGCACATATACACCATGGAATACTATGCAGCCATAAAAAATGATGAGTTCATATCCTTTGTAGGGACATGGATGAAATTGGAAACCATCATTCTCAGTAAACTATCGCAAGAACAAAAAACCAAACACCGCATATTCTCACTCATAGGTGGGAATTGAACAATGAGATCACATGGACACAGGAAGGGGAATATCACACTCTGGGGACTGTGGTGGGGTCGGTGGAGGGGGGAGGGATAGCATTGGGAGATATACCTAATGCTAGATGACACATTAGTGGGTGCAGCGCACCAGCATGGCACATGTATACATATGTAACTAACCTGCACAATGTGCACAT-TTGTGCAGGTTAGTTACATATGTATACATGTGCCATGCTGGTGCGCTGCACCCACTAATGTGTCATCTAGCATTAGGTATATCTCCCAATGCTATCCCTCCCCCCTCCACCGACCCCACCACAGTCCCCAGAGTGTGATATTCCCCTTCCTGTGTCCATGTGATCTCATTGTTCAATTCCCACCTATGAGTGAGAATATGCGGTGTTTGGTTTTTTGTTCTTGCGATAGTTTACTGAGAATGATGGTTTCCAATTTCATCCATGTCCCTACAAAGGATATGAACTCATCATTTTTTATGGCTGCATAGT
chr5	33633348	15	2	L1PA5(L1)	TATGAGTGAGAATATGCGGTGTTTGGTTTTTTGTTCTTGCGATAGTTTACTGAGAATGATGGTTTCCAATTTCATCCATGTCCCTACAAAGGATATGAACTCATCATTTTTTATGGCTG-ATTTGGGTTGGTTCCAAGTCTTTGCTATTGTGAATAGTGCCGCAATAAACATACGTGTGCATGTGTCTTTATAGCAGCATGATTTATAGTCCTTTGGGTATATACCCAGTAATGGGATGGCTGGGTCAAATGGTATTTCTAGTTCTAGATCCCTGAGGAATCGCCACACTGACTTCCACAATGGTTGAACTAGTTTACAGTCCCACCAACAGTGTAAAAGTGTTCCTATTTCTCCACATCCTCTCCAGCACCTGTTGTTTCCTGACTTTTTAATGATTGCCATTCTAACTGGTGTGAGATGATATCTCATAGTGGTTTTGATTTGCATTTCTCTGATGGCCAGTGATGATGAGCATTTCTTCATGTGTTTTT-CCATCAGAGAAATGCAAATCAAAACCACTATGAGATATCATCTCACACCAGTTAGAATGGCAATCATTAAAAAGTCAGGAAACAACAGGTGCTGGAGAGGATGTGGAGAAATAGGAACACTTTTACACTGTTGGTGGGACTGTAAACTAGTTCAACCATTGTGGAAGTCAGTGTGGCGATTCCTCAGGGATCTAGAACTAGAAATACCATTTGACCCAGCAATCCCATTACTGGGTATATACCCAAAGGACTATAAATCATGCTGCTATAAAGACACATGCACACGTATGTTTATTGCGGCACTATTCACAATAGCAAAGACTTGGAACCAACCCAAATGTCCAACAATGAAAAG-CTAAGTTTTAGGGTACATGTGCACATTGTGCAGGTTAGTTACATATGTATACATGTGCCATGCTGGTGCACTGCACCCACTAATGTGTCATCTAGCATTAGGTATATCTCCCAATGCTATCCCTCCCCCCTCCCCC-CTGGGGACTGTGGTGGGGTCGGGGGAGGGGGGAGGGATAGCATTGGGAGATATACCTAATGCTAGATGACACATTAGTGGGTGCAGTGCACCAGCATGGCACATGTATACATATGTAACTAACCTGCACAATGTGCACATGTACCCTAAAA
chr5	122582810	0	1	AluY	GCTCTGTCGCCCAGGCTGGAGTGCAGTGGCGGGATCTCGGCTCACTGCAAGCTCCGCCTCCCGGGTTCACGCCATTCTCCTGCCTCAGCCTCCCAAGTAGCTGGGACTACAGGCGCCCGCCACTACGCCCGGCTAATTTTTTGTATTTTTAGTAGAGACGGGGG-TGGGCCGGGCGCGGTGGCTCACGCCTGTAATCCCAGCACTTTGGGAGGCCGAGGCGGGCGGATCACGAGGTCAGGAGATCGAGACCATCCCGGCTAAAACGGTGAAACCCCGTCTCTACTAAAAATACAAAAAATTAGCCGGGCGTAGTGGCGGGCGCCTGTAGTCCCAGCTACTTGGGAGGCTGAGGCAGGAGAATGGCGTGAACCCGGGAGGCGGAGCTTGCAGGGAGCC
chr6	29818872	0	1	AluYc2	CCCAGCACTTTGGGAGGCCGAGGCGGGTGGATCATGAGGTCAGGAGATCGAGACCATCCTGGCTAACAAGGTGAAACCCCGTCTCTACTAAAAATACAAAAAATTAGCCGGGCGCGGTGGCGGGCGCCTGTAGTCCCAGCTACTCGGGAGGCTGAGGCAGG-TCGGGAGGCTGAGGCAGGAGAATGGCGTGAACCCGGGAAGCGGAGCTTGCAGTGAGCCGAGATTGCGCCACTGCAGTCCGCAGTCCGACCTGGGCGACAGAGCGAGACTCCGTCT-GTCTCGCTCTGTCGCCCAGGTCGGACTGCGGACTGCAGTGGCGCAATCTCGGCTCACTGCAAGCTCCGCTTCCCGGGTTCACGCCATTCTCCTGCCTCAGCCTCCCGAGTAGCTGGGACTACAGGCGCCCGCCACCGCGCCCGGCTAATTTTTTGTATTTTTAGTAGAGACGGGGTTTCACCTTGTTAGCCAGGATGGTCTCGATCTCCTGACCTCATGATCCACCCGCCTCGGCCTCCCAAAGAGCTGGGAT
chr6	40046909	16	1	AluYe5	GAGGCCGGGCGCGGTGGCTCACGCCTGTAATCCCAGCACTTTGGGAGGCCGAGGCGGGCGGATCACGAGGTCAGGAGATCGAGACCACCCTGGCTAACACGGTGAAACCCCGTCTCTACTAAAAATACAAAAAATTAGCCGGGCGTGGTAGCGGGCGCCTGTAGTCCCAGCTACTTGGGAGGCTGAGGCAGGAGAATGGCGTGAACCCGGGAGGCGGAGCTTGCAGTGAGCCGAGATCGCGCCACTGCACTCCAGCCTGGGCGACAGAGCGAG-TGCAAGCCCCGCCTCCCGGGTTCACGCCATTCTCCTGCCTCAGCCTCCCAAGTAGCTGGGACTACAGGCGCCCGCTACCACGCCCGGCTAATTTTTTGTATTTTTAGTAGAGACGGGGGTTCACCGGGTTAGCCAGGATGGTCTCGATCTCCAGACCTCGTGA
chr6	148195808	0	2	L1(L1)	GTTACATATGTATACATGTGCCATGCTGGTGCGCTGCACCCACTAATGTGTCATCTAGCATTAGGTATATCTCCCAATGCTATCCCTCCCCCCTCCCCCGACCCCACCACAGTCCCCAGAGTGTGATATTCCCCTTCCTGTGTCCATGT-GGAATCCTCCCTAACTCATTTTATGAGGCCAGCATCATTCTGATACCAAAGCCGGGCAGAGACACAACCAAAAAAGAGAATTTTAGACCAATATCCTTGATGAACATTGATGCAAAAATCCTCAATAAAAT-AGCATTGGGAGATATACCTAATGCTAGATGACACATTAGTGGGTGCAGCGCACCAGCATGGCACATGTATACATATGTAACTAACCTGCACAATGTGCACATGTACCCTAAAACTTAGAGTATAATAAAAAAAAAA-TCATGTGGTTTTTGTCTTTGGCTCTGTTTATATGCTGGATTACATTTATTGATTTGCGTATATTGAACCAGCCTTGCATCCCAGGGATGAAGCCCACTTGATCATGGTGGATAAGCTTTTTGATGTGCTGCTGGATTCGGTTTGCCAGTATTTTATTGAGGATTTTTGCATCAATGTTCATCAAGGATATTGGTCTAAAATTCTCTTTTTTGGTTGTGTCTCTGCCCGGCTTTGGTATCAGAATGATGCTGGCCTCATAAAATGAGTTAGGGAGGATTCCCTCTTTTTCTATTGATTGGAATAGTTTCAGAAGGAATGGTACCAGTTCCTCCATGTACCTCTGGTAGAATTCGGCTGT-GATGCAAAAATCCTCAATAAAATACTGGCAAACCGAATCCAGCAGCACATCAAAAAGCTTATCCACCATGATCAAGTGGGCTTCATCCCTGGGATGCAAGGCTGGTTCAATATACGCAAATCAATAAATGTAATCCAGCATATAAACAGAGCCAAAGACAAAAACCACATGATTATCTC-TTCACAGCCGAATTCTACCAGAGGTACATGGAGGAACTGGTACCATTCCTTCTGAAACTATTCCAATCAATAGAAAAAGAGGGAATCCTCCCTAACTCATTTTA-ATGCGGCGTTTGGTTTTTTGTTCTTGCGATAGTTTACTGAGAATGTTGGTTTCCAATTTCATCCATGTCCCTACAAAGGATATGAACTCATCATTTTTTA
chr6	161270904	7	3	SVA_B(SINE)	GTTATAGATTAACAGAATCTCAAGGCAGAAGAATTTTTCTTAGTACAGAACAAAATGGAGTCTCCTATGTCTACTTCTTTCTACACAGACACAGTAACAATCTGATCTCTCTTGCTTTTCCCCACA-TTGAGATTAGGGAATGGTGATGACTCTTAAGGAGCATGCTGCCTTCAAGCATCTGTTTAACAAAGCACATCTTGCACCGCCCTTAATCCATTTAACTCTGAGTTTGACACAGCA-TAAGAGTAATCACCACTCCCTAATCTCAAGTACCCAGGGACACAAAAACTGCGGAAGGCCGCAGGGACCTCTGCCTAGGAAAGCCAGGTATTGTCCAAGGTTTCTCCCCAT-CGGGCAGCAATACTGCTTTGTAAAGCATTGAGATGTTTATGTGTATGCATATCTAAAAGCACAGCACTTAATCCTTTACATTGTCTATGATGCAAAGACCTTTGTTCACGTGTTTGTCTGCTGACCCTCTCCCCAC
chr7	3090718	0	1	AluYa5	ATCACGAGGTCAGGAGATCGAGACCATCCCAGCTAAAACGGTGAAACCCCATCTCTACTAAAAATACAAAAAATTAGCCGGGCGTAGTGGCGGGCGCCTGTAGTCCCAGCTACTTGGGAGGCTGAGGCAGGAGAATGGCGTGAACCCGGGAGGCGGAGCTTGCAG
chr8	5829274	8	2	L1HS(L1)	TATTATACTCTAAGTTTTAGGGTACATGTGCACATTGTGCAGGTTAGTTACATATGTATACATGTGCCATGCTGGTGCGCTGCACCCACTAATGTGTCATCTAGCATTAGGTATATCTC-ATACACCAGGGCATACTATGCAGCCATAAAAAATGATGAGTTCATATCCTTTGTAGGGACATGGATGAAATTGGAAACCATCATTCTCAGTAAACTATCGCAAGAACAAAAAACCAAACACCACATATTCTCACTCATAGGTGGGAATTGAACAATGAGATCACATGGTCACAG-CTATGAGTGAGAATATGTGGTGTTTGGTTTTTTGTTCTTGCGATAGTTTACTGAGAATGATGGTTTCCAATTTCATCCATGTCCCTACAAAGGATATGAACTCATCATTTTTTATGGCTGCATAGTATGCCATGGTGTATATGTGCCACATTTTCTTAATCCAGTCTATCATTGTTGGACATTTGGGTTGGTTC-GGTTCCAAGTCTTTGCTATTGTGAATAGTGCCGCAATAAACATACGTGTGCATGTGTCTTTATAGCAGCATGATTTATACTCATTTGGGTATATACCCAGTAATGGGATGGCTGGGTCAAATGGTATTTCTAGTTCAAGATCCCTGAGGAATCG
chr8	38864077	0	1	AluYb3a1	GAGACGGAGTCTCGCTCTGTCGCCCACGCTGGAGTGCAGTGGCGCGATCTCGGCTCACTGCAAGCTCCGCCTCCCGGGTTCACGCCATTCTCCTGCCTCAGCCTCCCGAGTAGCTGGGACTACAGGCGCCCGCCACTACGCCCGGCTAATTTTTTGTATTTTTAGTAGAGACGGGGTTTCACCGTGTTAGCCAGGATGGTCTCGATCTCCTGACCTCGTGACCCGCCCGCCTCGGCCTCCCAAAGTGCTGGGATTACAG-GGCCGGGCGCGGTGGCTCACGCCTGTAATCCCAGCACTTTGGGAGGCCGAGGCGGGCGGATCACGAGGTCAGGAGATCGAGACCATCCTGGCTAACACGGTGAAACCCCGTCTCTACTAAAAATACAAAAAATTAGCCGGGCGTAGTGGCGGGCGCCTGTAGTCCCAGCTACTCG
chr8	87315040	0	2	L1HS(L1)	TTTTTTTTATTATACTCTAAGTTTTAGGGTACATGTGCACATTGTGCAGGTTAGTTACATATGTATACATGTGCCATGCTGGTGCGCTGCACCCACTAAT
chr8	90669905	11	1	AluYb10(SINE1/7SL)	GAGACGGAGTCTCGCTCTGTCGCCCAGGCCGGACTGCGGACTGCAGTGGCGCAATCTCGGCTCACTGCAAGCTCCGCCTCCCGGGTTCACGCCATTCTCCTGCCTCAGCCTCCC
chr8	126024119	17	1	AluYc2	GCGGTGGCTCACGCCTGTAATCCCAGCACTTTGGGAGGCCGAGGCGGGCGGATCACGAGGTCAGGAGATCGAGACCATCCCGGCTAAAACGGTGAAACCCCGTCTCTACTAAAAATA
chr9	6290494	0	2	L1PA2(L1)	ATTCCCTCCTATGAGTGAGAATATGCGGTGTTTGGTTTTTTGTTCTTGCGATAGTTTACTGAGAATGATGGTTTCCAATTTCATCCATGTCCCTACAAAGGATATGAACTCATCATTTTTTGTGGCTGCATAGTATTCCATGGTGTATATGGGCCACATTTTCTTAATCCAGTCTATCATTGTTGGACATTTGGGTTGGTTCCAAGTCTTTGCTATTGTGAATAGTGCCGCAATAAACATACGTGTGCATGTGTCTTTATAGCAGCA-ATGAGATCACATGGACACAGGAAGGGGAATATCACACTCTGGGGACTGTGGTGGGGTCGGGGGAGGGGGGAGGGATAGCATTGGGAGATATACCTAATGCTAGATGACACATTAGTGGGTGCAGCGCACCAGCATGGCACATGTATACATATGTAACTAACCTGCACAATGTGCACATGTACCCTAAAACTTAGAGTATAATAAAAAAAAAAAAAAAAAAAAGAAA-TACACTGTTGGTGGGACTGTAAACTAGTTCAACCATTGTGGAAGTCAGTGTGGCGATTCCTCAGGGATCTAGAACTAGAAATACCATTTGACCCAGCCATCCCATTACTGGGTATATACCCAAATGAGTATAAATCATGCTGCTATAAAGACACATGCACACGTATGTTTATTGCGGCACTATTCACAATAGCAAAGACTTGGAACCAACCCAAATGTCCAACAATGATAGACTGGATTAAGAAAATGTGGCACATATACACCA-GTGCATGTGTCTTTATAGCAGCATGATTTATACTCATTTGGGTATATACCCAGTAATGGGATGGCTGGGTCAAATGGTATTTCTAGTTCTAGATCCCTGA-CTTTGTAGGGACATGGATGAAATTGGAAACCATCATTCTCAGTAAACTATCGCAAGAACAAAAAACCAAACACCGCATATTCTCACTCATAGGTGGGAAT-TTTTTTTTTTTTTTTTTTTTATTATACTCTAAGTTTTAGGGTACATGTGCACATTGTGCAGGTTAGTTACATATGTATACATGTGCCATGCTGGTGCGCTGCACCCACTAATGTGTCATCT
chrX	35028103	16	1	AluYi6	CTCGGGAGGCTGAGGCAGGAGAATGGCGTGAACCCGGGAGGCGGAGCTTGCAGTGAGCCGAGATTGCGCCACTGCACTCCCACCTGGGCCACAGAGCGAG-CATCTTCTTGGGAGGCCGAGGCGGGCGGATCACGAGGTCAGGAGATCGAGACCATCCTGGCTAACACGGTGAAACCCCGTCTCTACTAAAAATACAAAAAAATTAGCCAGGCGTGGTGGCGGGCGCCTGTAGTCCCAGCTACTCGGGAGGCTGAGGCAGGGGAATGGCGTGAACCCGGG-GAGTCTCGCTCTGTGGCCCAGGTGGGAGTGCAGTGGCGCAATCTCGGCTCACTGCAAGCTCCGCCTCCCGGGTTCACGCCATTCTCCTGCCTCAGCCTCCCGAGTAGCTGGGACTACAGGCGCCCGCCACCACGCCTGGCTAATTTTTTTGTATTTTTAGTAGAGACGGGGTTTCACCGTGTTAGCCAGGATGGTCTCGATCTCCTGACCTCGTG
chrX	66982771	19	2	L1PA2(L1)	CATTTTCTTAATCCAGTCTATCATTGTTGGACATTTGGGTTGGTTCCAAGTCTTTGCTATTGTGAATAGTGCCGCAATAAACATACGTGTGCATGTGTCT-AGAAAATGTGGCACATATACACCATGGAATACTATGCAGCCATAAAAAATGATGAGTTCATATCCTTTGTAGGGACATGGATGAAATTGGAAACCATCATTCTCAGTAAACTATCGCAAGAACAAAAAACCAAACACCGCATATTCTCACTCATAGGTGGGAATTGAACAATGAGATCAC-GATAGTTTACTGAGAATGATGGTTTCCAATTTCATCCATGTCCCTACAAAGGATATGAACTCATCATTTTTTATGGCTGCATAGTATTCCATGGGGTATATGTGCCACATTTTCTTAATCCAGT-CATGCACACGTATGTTTATTGCGGCACTATTCACAATAGCAAAGACTTGGAACCAACCCAAATGTCCAACAATGATAGACTGGATTAAGAAAATGTGGCA
